"cid","appName","mechanism","version_n","vul_n","start","exploit","t50","t90","t95","mu","sigma","r2"
"chrome_000","chrome","SU",57,1,1212,FALSE,15,103,130,0.0583553845376338,0.00314062372179165,0.997969710070362
"chrome_001","chrome","SU",23,7,841,FALSE,9,24,45,0.127365182542777,0.00394068132997342,0.995378577505502
"chrome_002","chrome","SU",56,3,1200,FALSE,12,66,90,0.0594053799600588,0.000163653274967078,0.999567070781446
"chrome_003","chrome","SU",93,14,1557,FALSE,5,41,50,0.116383311404779,0.00626123065048545,0.99955845672761
"chrome_004","chrome","SU",55,6,1179,FALSE,4,28,43,0.183841519987122,0.0139637248537076,0.99954632199765
"chrome_005","chrome","SU",82,14,1438,FALSE,14,64,80,0.0179518893731987,-0.00462925528134324,0.997740374487458
"chrome_007","chrome","SU",23,8,773,FALSE,1,48,76,0.187742879144455,0.0226545978919617,0.99614940095181
"chrome_008","chrome","SU",85,20,1507,FALSE,6,21,21,0.0556287129296614,-0.0062061394504049,0.991923118468301
"chrome_009","chrome","SU",80,7,1410,FALSE,9,63,79,0.0897578162002259,0.00549856173716335,0.999461408163016
"chrome_010","chrome","SU",8,1,507,FALSE,23,166,210,-0.0460779370146705,-0.00973075032404849,0.987978325168422
"chrome_011","chrome","SU",5,5,1017,FALSE,11,34,74,-0.00270451500520661,-0.0138708411986145,0.996830360351198
"chrome_013","chrome","SU",24,1,848,FALSE,2,22,39,0.269848938145726,0.027579314440569,0.998803798214099
"chrome_014","chrome","SU",7,2,873,FALSE,12,51,93,0.0395503699650047,-0.00632238670091673,0.994821681588971
"chrome_015","chrome","SU",48,5,1135,FALSE,2,13,22,0.10572409654648,-0.011514031253398,0.990946378794252
"chrome_016","chrome","SU",69,30,1305,FALSE,16,83,106,0.0125058456506888,-0.00464364204279538,0.997421370821028
"chrome_018","chrome","SU",84,4,1485,FALSE,6,Inf,Inf,0.120906263225891,0.011503685861708,0.998484570038543
"chrome_020","chrome","SU",83,4,1467,FALSE,6,57,Inf,0.113074645469736,0.00825527837486745,0.99902670356991
"chrome_021","chrome","SU",71,11,1330,FALSE,9,75,94,0.0860635059835062,0.00538436208781634,0.999379323044256
"chrome_023","chrome","SU",1,13,1605,FALSE,2,23,45,0.183922754790087,0.0135638086742457,0.998396297957654
"chrome_025","chrome","SU",74,32,1354,TRUE,9,72,93,0.0852179759096321,0.00484010502355188,0.998968874376486
"chrome_026","chrome","SU",2,2,1681,FALSE,4,22,40,0.169585432983835,0.00949542157637666,0.999316914419295
"chrome_027","chrome","SU",29,1,873,FALSE,12,42,72,0.0402308743561106,-0.00634429698814784,0.995028474294211
"chrome_028","chrome","SU",1,7,1792,FALSE,4,30,Inf,0.145425241396328,0.00791193946454326,0.999582759005422
"chrome_029","chrome","SU",47,9,1129,FALSE,5,13,22,0.111734105229059,-0.00661677073037949,0.995578485944413
"chrome_030","chrome","SU",39,10,989,FALSE,2,10,14,0.193202313554259,0.00385900982211055,0.996725839411964
"chrome_031","chrome","SU",37,1,976,FALSE,9,21,23,-0.0472318057437785,-0.0239723174599163,0.997154083209798
"chrome_032","chrome","SU",11,2,563,FALSE,3,123,160,0.141546948983915,0.0128370829916484,0.996733762375857
"chrome_033","chrome","SU",85,12,1507,FALSE,6,21,21,0.0556287129296614,-0.0062061394504049,0.991923118468301
"chrome_034","chrome","SU",3,6,1807,FALSE,5,Inf,Inf,0.13237467892901,0.0089698573956611,0.999171848388178
"chrome_035","chrome","SU",6,1,491,FALSE,5,104,186,0.177161796689991,0.0172583836763303,0.996127219866708
"chrome_036","chrome","SU",2,2,1795,FALSE,3,34,Inf,0.161360219451031,0.0107696379978564,0.999603871765273
"chrome_037","chrome","SU",51,23,1158,FALSE,8,18,28,0.0706129608156849,-0.00671081662707336,0.994981016373361
"chrome_038","chrome","SU",5,1,479,FALSE,2,86,157,0.164243519167192,0.0132534441251029,0.996706566830509
"chrome_039","chrome","SU",4,2,448,FALSE,4,129,204,0.173068804368412,0.0168131964616608,0.997283612236547
"chrome_040","chrome","SU",4,1,1438,FALSE,12,70,90,0.0221297286072669,-0.00560571789533264,0.997062092724215
"chrome_043","chrome","SU",25,6,873,FALSE,12,43,74,0.0401707024677175,-0.00630321395453884,0.995008881764648
"chrome_044","chrome","SU",30,2,885,FALSE,7,42,70,0.080803142420325,0.000702952425164823,0.993928634610879
"chrome_045","chrome","SU",57,1,1212,FALSE,15,103,130,0.0583553845376338,0.00314062372179165,0.997969710070362
"chrome_046","chrome","SU",1,2,448,FALSE,4,80,198,0.188624886267818,0.0182722462790774,0.99713436718923
"chrome_047","chrome","SU",6,1,623,FALSE,7,74,107,0.089494591464785,0.00302150331253998,0.998542238024832
"chrome_048","chrome","SU",4,2,448,FALSE,4,129,204,0.173068804368412,0.0168131964616608,0.997283612236547
"chrome_050","chrome","SU",2,3,1654,FALSE,3,31,55,0.162542098995192,0.0121914753764548,0.998344296447866
"chrome_051","chrome","SU",1,13,1674,FALSE,1,10,18,0.265790944701038,0.0174858470920641,0.999624096616649
"chrome_052","chrome","SU",8,1,507,FALSE,23,166,210,-0.0460779370146705,-0.00973075032404849,0.987978325168422
"chrome_053","chrome","SU",2,2,1745,FALSE,3,35,50,0.15920556992825,0.015135398127517,0.997336859675505
"chrome_054","chrome","SU",1,5,1743,FALSE,3,32,41,0.190100882697083,0.0170264188638202,0.998448268030785
"chrome_055","chrome","SU",3,1,1772,FALSE,7,41,70,0.0897970728654276,0.00474986877003435,0.998737164651103
"chrome_056","chrome","SU",36,9,962,FALSE,4,30,35,0.171193425006749,0.0237048735466128,0.989999320846485
"chrome_057","chrome","SU",16,1,638,FALSE,6,78,115,0.134041276729195,0.0096269285436223,0.997606372830608
"chrome_058","chrome","SU",61,2,1228,FALSE,18,99,125,0.0308953656967883,-0.00116689104922327,0.999372812648903
"chrome_059","chrome","SU",24,3,806,FALSE,2,43,46,0.203564216933761,0.0197969355106075,0.997234309473034
"chrome_060","chrome","SU",1,2,479,TRUE,2,49,99,0.18497533714615,0.0139699708661129,0.996906256926305
"chrome_061","chrome","SU",67,7,1275,FALSE,9,84,106,0.0989772792846858,0.00789011849714626,0.999359094497099
"chrome_063","chrome","SU",46,16,1108,FALSE,2,15,25,0.171699531540835,0.00755678855794264,0.991448569382642
"chrome_064","chrome","SU",1,1,395,TRUE,3,16,83,0.200736009474121,0.0116905892282548,0.998435971538866
"chrome_065","chrome","SU",89,1,1531,FALSE,7,43,55,0.0919900957287767,0.00438236803041836,0.999248253169287
"chrome_066","chrome","SU",88,1,1529,FALSE,1,18,26,0.153074233885104,0.00661979125155132,0.993819382621526
"chrome_067","chrome","SU",62,4,1240,FALSE,12,94,119,0.076946785325192,0.00479703574108151,0.999433908313166
"chrome_070","chrome","SU",50,19,1155,FALSE,3,13,17,0.0657001020653202,-0.0248241715084215,0.997367686681731
"chrome_071","chrome","SU",26,9,885,FALSE,7,43,70,0.0807572546687647,0.000747556935623339,0.993889821633691
"chrome_072","chrome","SU",1,1,1795,FALSE,2,7,13,0.280848510999442,0.0139298011416952,0.999742913949802
"chrome_073","chrome","SU",14,1,623,FALSE,8,87,116,0.0842920864422874,0.00308058591670893,0.998511498215291
"chrome_074","chrome","SU",45,5,1074,FALSE,6,27,36,0.231360045904265,0.0325244084332006,0.984352313990203
"chrome_075","chrome","SU",22,6,753,FALSE,11,62,89,0.0195597500732066,-0.00812773063270799,0.996506852674533
"chrome_076","chrome","SU",42,5,1017,FALSE,11,26,34,0.000144973200182235,-0.0129721047541442,0.998012125294898
"chrome_077","chrome","SU",44,10,1039,FALSE,3,19,41,0.343074703206506,0.043230377524376,0.989842383093721
"chrome_078","chrome","SU",1,1,1438,FALSE,11,50,86,0.0230031782418429,-0.0071499644856049,0.997085466130287
"chrome_079","chrome","SU",24,1,806,FALSE,2,43,46,0.203564216933761,0.0197969355106075,0.997234309473034
"chrome_080","chrome","SU",57,1,1212,FALSE,15,103,130,0.0583553845376338,0.00314062372179165,0.997969710070362
"chrome_081","chrome","SU",77,7,1373,FALSE,10,74,91,0.0873001413284272,0.00634118773345658,0.999729255103459
"chrome_083","chrome","SU",86,14,1526,FALSE,2,9,13,0.231597331853476,6.73130433942035e-05,0.997179578348608
"chrome_084","chrome","SU",88,2,1529,FALSE,1,18,26,0.153074233885104,0.00661979125155132,0.993819382621526
"chrome_086","chrome","SU",64,14,1253,FALSE,12,92,117,0.0743258976425168,0.00430832722895169,0.999535708496602
"chrome_087","chrome","SU",7,8,1704,FALSE,7,42,63,0.0939081090937041,0.0036573900822936,0.998198243223585
"chrome_088","chrome","SU",45,13,1074,FALSE,6,27,36,0.231360045904265,0.0325244084332006,0.984352313990203
"chrome_089","chrome","SU",24,3,806,FALSE,2,43,46,0.203564216933761,0.0197969355106075,0.997234309473034
"chrome_090","chrome","SU",28,5,914,FALSE,2,38,60,0.182595735074399,0.0162935231349939,0.998501258821372
"chrome_091","chrome","SU",32,3,914,FALSE,2,37,58,0.18324594377862,0.0163437076412182,0.998517388508498
"chrome_092","chrome","SU",34,7,938,FALSE,3,29,50,0.15861665683843,0.00825980064963444,0.997907466138704
"chrome_093","chrome","SU",96,5,1582,FALSE,7,41,49,0.068299834104482,-0.000949808299239639,0.999252107990014
"chrome_094","chrome","SU",57,24,1212,FALSE,15,103,130,0.0583553845376338,0.00314062372179165,0.997969710070362
"chrome_095","chrome","SU",90,10,1543,FALSE,6,42,53,0.0966395866124529,0.00375449151004105,0.999678224844867
"chrome_096","chrome","SU",2,2,395,FALSE,4,87,218,0.169827600542363,0.0114505372848515,0.998738311378775
"chrome_097","chrome","SU",28,2,848,TRUE,2,21,38,0.271808871120784,0.0278183385828967,0.998845521830592
"chrome_098","chrome","SU",40,3,991,FALSE,3,9,15,0.224959752793158,0.0102027060481946,0.997599927874498
"chrome_100","chrome","SU",81,1,1417,FALSE,8,64,79,0.0975676254843504,0.00712435097234843,0.999521553401795
"chrome_102","chrome","SU",92,8,1549,FALSE,9,44,54,0.0620786277983007,-0.00148757154394548,0.999418476993084
"firefox_001","firefox","PI",37,6,1209,FALSE,118,Inf,Inf,0.0182677201622697,-0.000481016963953973,0.991121352480071
"firefox_010","firefox","PI",16,6,860,TRUE,95,344,413,0.00686617528323282,0.000965673513033213,0.97305863194637
"firefox_012","firefox","PI",65,6,704,FALSE,28,206,213,-0.014654833335152,-0.00647409974112743,0.993661284110993
"firefox_013","firefox","PI",19,1,660,FALSE,18,170,187,0.0180114304673652,-0.00359531641216501,0.995065332430663
"firefox_014","firefox","PI",6,1,927,FALSE,134,839,Inf,0.0231400690876818,0.000793544539270977,0.997370089380464
"firefox_016","firefox","PI",32,3,772,FALSE,19,157,177,0.0167187438257685,-0.00298794785439669,0.995346178828212
"firefox_017","firefox","PI",59,3,579,FALSE,43,274,286,0.0498049165009409,0.00354343974213666,0.997897716018491
"firefox_018","firefox","PI",32,1,53,FALSE,1341,Inf,Inf,0.000592624556261645,3.10410916028225e-05,0.998229931825711
"firefox_022","firefox","PI",16,1,661,FALSE,82,Inf,Inf,0.0209290090083429,-0.000560642106901026,0.993025172755106
"firefox_023","firefox","PI",14,1,125,FALSE,1002,Inf,Inf,0.000906082684221074,3.83822762020275e-06,0.995191337351381
"firefox_025","firefox","PI",15,2,1264,FALSE,650,Inf,Inf,0.0144122389421395,0.000354469515797152,0.995949980245392
"firefox_026","firefox","PI",33,1,86,FALSE,1083,Inf,Inf,0.0112903188258917,0.00103465446263083,0.987649703322552
"firefox_028","firefox","PI",11,1,524,FALSE,19,288,Inf,0.0469158182502777,0.00139410931636986,0.994097786917496
"firefox_029","firefox","PI",57,3,611,TRUE,172,Inf,Inf,0.00521384087620522,-0.00190482012935488,0.99257335920576
"firefox_030","firefox","PI",15,12,177,FALSE,350,1000,1031,0.0183010714915772,-0.000477760300498185,0.990807980463314
"firefox_031","firefox","PI",18,1,1067,FALSE,Inf,Inf,Inf,0.00249405582817561,-0.000951977208594924,0.993887701579509
"firefox_033","firefox","PI",26,1,1010,FALSE,51,393,473,-0.0147260436549067,-0.00529270807202568,0.996178528667046
"firefox_035","firefox","PI",55,6,557,FALSE,111,347,Inf,-0.0103284663282608,-0.00437803158158971,0.993782658515087
"firefox_039","firefox","PI",15,1,579,FALSE,23,203,222,0.0616504649498916,0.00428583705812372,0.997998406207399
"firefox_043","firefox","PI",15,10,915,TRUE,77,295,355,-0.0152061952393171,-0.00429328322892669,0.995603057506958
"firefox_044","firefox","PI",2,1,1448,FALSE,29,182,316,-0.0210527843044754,-0.00511652652523254,0.997672078863163
"firefox_045","firefox","PI",4,2,611,FALSE,13,341,497,0.0165793132569044,-0.00524859581698954,0.992792355369849
"firefox_046","firefox","PI",28,1,1031,TRUE,38,381,457,0.0655164769818611,0.00568315882592137,0.99926206781315
"firefox_047","firefox","PI",12,2,860,FALSE,401,Inf,Inf,0.00286764931525339,0.000527741275365115,0.947193038278132
"firefox_048","firefox","PI",21,1,660,TRUE,18,176,194,0.0178490064969979,-0.00349483899790795,0.995021015083311
"firefox_049","firefox","PI",17,1,915,FALSE,91,352,429,-0.0137649842059887,-0.00390867221279359,0.995600452830287
"firefox_051","firefox","PI",14,1,177,FALSE,56,943,Inf,0.0240119551717003,-0.000939174128624003,0.991662415310277
"firefox_052","firefox","PI",25,12,1573,FALSE,40,301,346,0.00964120549248827,-0.00248013951049953,0.998582086870977
"firefox_053","firefox","PI",20,2,660,FALSE,18,172,188,0.0179399116279181,-0.00355302154424443,0.995051540123323
"firefox_054","firefox","PI",6,4,704,FALSE,22,374,432,-0.0163507833292755,-0.00740186840336693,0.993191553820168
"firefox_055","firefox","PI",8,2,975,FALSE,31,123,138,0.0154745717815135,-0.00197125178029764,0.99704952132389
"firefox_058","firefox","PI",38,1,265,FALSE,158,776,Inf,0.0244728905059031,0.00116425148189326,0.996488678899331
"firefox_060","firefox","PI",2,5,809,FALSE,13,913,Inf,0.0789447686936084,0.00583048358533518,0.998825078719705
"firefox_061","firefox","PI",39,2,1202,FALSE,35,247,297,-0.0197912367261568,-0.0070515701781278,0.992854777405802
"firefox_068","firefox","PI",26,9,1615,FALSE,43,Inf,Inf,0.00746673638685897,-0.00146168211350792,0.999478881090057
"firefox_069","firefox","PI",8,4,394,FALSE,22,408,435,0.0194181500137278,-0.00253148333787951,0.99238298998366
"firefox_071","firefox","PI",8,1,975,FALSE,121,804,Inf,0.0109214557562902,-0.000591175827920411,0.995947108330536
"firefox_072","firefox","SU",1,1,1746,FALSE,16,Inf,Inf,0.0640033406068338,0.00344625871260745,0.999297380255023
"firefox_073","firefox","PI",19,2,350,FALSE,612,Inf,Inf,0.0104016584360675,0.000744501509232354,0.998972644409181
"firefox_074","firefox","PI",16,1,1010,FALSE,Inf,Inf,Inf,-0.00535233921678176,-0.00157860039659611,0.995414469628192
"firefox_075","firefox","PI",59,1,705,FALSE,149,Inf,Inf,-0.00524536366121138,-0.00312043334367158,0.992707723159592
"firefox_077","firefox","PI",1,1,524,TRUE,9,159,341,0.0720919290671542,0.00118119830495233,0.994513987668596
"firefox_080","firefox","PI",3,5,1263,FALSE,18,314,491,0.0160158060398997,-0.00394957062919384,0.996979232374505
"firefox_081","firefox","PI",13,2,1151,FALSE,35,684,Inf,0.022359308678541,-0.00110320492392439,0.996304425065339
"firefox_083","firefox","PI",6,2,311,FALSE,25,502,534,0.0230305234827739,-0.00193122522982266,0.991583460976157
"firefox_084","firefox","PI",3,1,823,FALSE,132,1049,Inf,0.0574246649099395,0.005394557669591,0.998290893306378
"firefox_088","firefox","PI",1,1,1502,FALSE,3,36,112,0.222612792806013,0.0193953551444802,0.999093756900251
"firefox_090","firefox","PI",16,1,1202,FALSE,37,324,403,-0.0192315998671565,-0.00693942690825366,0.992509939300682
"firefox_096","firefox","PI",2,2,564,TRUE,7,473,699,0.111123458069518,0.00954799116894784,0.998081654064231
"firefox_098","firefox","PI",1,2,1615,FALSE,24,133,422,0.0107621042819201,-0.00234219156761967,0.999520728885834
"firefox_099","firefox","PI",4,1,897,FALSE,154,873,Inf,0.0110179074899481,-0.000841494709001029,0.994215161204576
"firefox_104","firefox","PI",48,7,423,FALSE,104,498,Inf,0.0165918926393053,-0.00111649024832313,0.991851540475858
"firefox_105","firefox","PI",3,4,660,FALSE,17,346,427,0.0181127635175544,-0.00426392444248216,0.995507944601507
"firefox_109","firefox","PI",3,1,261,FALSE,466,Inf,Inf,0.00979000004184242,0.00031937812603848,0.99053271494527
"firefox_111","firefox","PI",56,1,581,FALSE,107,325,Inf,0.0521976734851921,0.0047909530730612,0.999016981366941
"firefox_112","firefox","PI",60,2,579,FALSE,57,266,274,0.0220907593713738,0.00312371078261232,0.990085002457261
"firefox_113","firefox","PI",1,1,482,FALSE,3,60,Inf,0.194755208857212,0.0159711590267295,0.998351862065728
"firefox_114","firefox","PI",10,1,1019,FALSE,63,748,Inf,0.0283575529823233,0.000412188390640105,0.996310821169291
"firefox_116","firefox","PI",22,2,1360,FALSE,589,Inf,Inf,0.00701780832539629,-0.000596846750403535,0.993831421164594
"firefox_118","firefox","PI",17,1,193,FALSE,187,938,967,0.033142251243348,0.00158896209112699,0.993013187395551
"firefox_120","firefox","PI",13,4,524,TRUE,27,300,307,0.0436200388951931,0.00136525932763527,0.994005798720653
"firefox_122","firefox","PI",2,2,809,FALSE,13,913,Inf,0.0789447686936084,0.00583048358533518,0.998825078719705
"firefox_123","firefox","PI",4,2,927,FALSE,106,803,Inf,0.027480125525493,0.000922152975152492,0.997320299764965
"firefox_128","firefox","PI",51,1,453,TRUE,90,Inf,Inf,0.0623606594968578,0.00609037293911595,0.99667727748825
"firefox_129","firefox","PI",32,2,53,FALSE,1341,Inf,Inf,0.000592624556261645,3.10410916028225e-05,0.998229931825711
"firefox_134","firefox","PI",1,1,935,FALSE,3,134,Inf,0.202346956860624,0.0172415259964245,0.999332780536645
"firefox_136","firefox","PI",30,5,772,FALSE,22,212,Inf,0.0125870238830598,-0.00374387055195219,0.99250257583366
"firefox_138","firefox","PI",1,2,193,FALSE,45,517,666,0.0311680877677498,-8.83083928644702e-05,0.993420693290811
"firefox_140","firefox","PI",1,1,453,FALSE,3,131,437,0.168107469074452,0.0153432610496323,0.997659710217501
"firefox_141","firefox","PI",1,11,53,FALSE,1074,Inf,Inf,0.000624051707559704,3.19260613005668e-05,0.993545748202973
"firefox_142","firefox","PI",11,3,471,FALSE,33,343,Inf,0.0179998549510999,-0.00221243840205222,0.993572779854839
"firefox_143","firefox","PI",24,2,311,FALSE,89,616,Inf,0.0181267174061516,-0.00118236523886121,0.991327661581643
"firefox_147","firefox","PI",7,1,344,FALSE,25,459,488,0.0108592945054598,-0.00365490433447994,0.992837946677574
"firefox_149","firefox","PI",12,1,1072,FALSE,29,671,Inf,0.0568543517375542,0.00369066515306821,0.997477108875385
"firefox_152","firefox","PI",61,4,611,FALSE,30,248,263,0.0103177884894776,-0.0034574622269783,0.993084662344533
"firefox_153","firefox","PI",1,1,579,FALSE,7,421,Inf,0.101151229906939,0.00748662298314545,0.997836035379841
"firefox_154","firefox","PI",26,10,344,FALSE,76,561,Inf,0.00886265443507569,-0.00240807754629519,0.992576399281148
"firefox_155","firefox","PI",35,1,193,FALSE,224,1099,1185,0.0311312966508197,0.00151674029181849,0.992938742282766
"firefox_156","firefox","PI",36,10,314,FALSE,707,Inf,Inf,0.0149983802282253,0.000972509012189877,0.995249471788554
"firefox_157","firefox","PI",35,5,261,TRUE,783,Inf,Inf,0.00524035018239175,9.35672900240466e-05,0.991115944216927
"firefox_160","firefox","PI",54,6,524,FALSE,66,369,Inf,0.03560119404349,0.00127693986762177,0.99361044146771
"firefox_161","firefox","PI",49,1,394,FALSE,118,Inf,Inf,0.0138476550921648,-0.00141120445568865,0.991552589602773
"firefox_162","firefox","PI",5,1,660,FALSE,17,363,438,0.0179032649572745,-0.00401247912262216,0.99540960633733
"firefox_163","firefox","PI",1,7,86,FALSE,234,Inf,Inf,0.024249800960774,0.00208256516386581,0.987292327478648
"firefox_164","firefox","PI",52,8,471,FALSE,95,Inf,Inf,0.0147164351499698,-0.00142568642779483,0.99298016790451
"firefox_165","firefox","PI",2,2,265,FALSE,34,581,618,0.0506581720452837,0.00270867345035434,0.996846066780269
"firefox_168","firefox","PI",1,3,897,FALSE,102,785,Inf,0.0145095848874268,-0.00121318341099723,0.994112657243017
"firefox_169","firefox","PI",37,7,261,FALSE,152,749,Inf,0.0127012033820137,-0.000991047358981199,0.99201725848821
"thunderbird_002","thunderbird","PI",7,0,1074,FALSE,13,Inf,Inf,0.0902536766036974,0.00787164092165972,0.999214469248569
"thunderbird_003","thunderbird","PI",11,0,355,FALSE,176,914,Inf,-0.00578848495611059,-0.00421213514603878,0.992611730323455
"thunderbird_008","thunderbird","PI",7,0,125,FALSE,759,Inf,Inf,0.0133269210976933,0.001465365590349,0.997015101005378
"thunderbird_011","thunderbird","PI",10,0,319,FALSE,239,Inf,Inf,0.0280910000255091,0.000859210422595579,0.991262012674999
"thunderbird_013","thunderbird","PI",24,0,1317,FALSE,Inf,Inf,Inf,0.00206943228426216,-0.000996657123377993,0.994852371850532
"thunderbird_015","thunderbird","PI",1,0,1451,FALSE,33,211,580,0.00094499669599219,0.000878360875675654,0.994556641888315
"thunderbird_016","thunderbird","PI",19,0,269,FALSE,291,Inf,Inf,0.0546998530023238,0.00520428348378984,0.99786267083773
"thunderbird_017","thunderbird","PI",1,0,1505,FALSE,2,80,618,0.220377186010261,0.0219313761052556,0.99802749619205
"thunderbird_019","thunderbird","PI",20,0,319,FALSE,269,Inf,Inf,0.0275875525914456,0.000846813104865292,0.991226105871638
"thunderbird_021","thunderbird","PI",22,0,439,FALSE,151,1136,Inf,0.0361892625411803,0.00172079611280226,0.994147334017277
"thunderbird_024","thunderbird","PI",3,0,975,FALSE,20,Inf,Inf,0.0505943923349744,0.00203212037195457,0.998526808938797
"thunderbird_025","thunderbird","PI",6,0,928,FALSE,68,Inf,Inf,0.0315843206402292,0.00096708844524829,0.99623334243228
"thunderbird_027","thunderbird","PI",1,0,1746,FALSE,6,65,Inf,0.0998212218072801,0.00465760915699014,0.999248712660742
"thunderbird_028","thunderbird","PI",9,0,1202,FALSE,48,Inf,Inf,-0.0187029907888784,-0.0067056807589764,0.991489985438626
"thunderbird_029","thunderbird","PI",8,0,1151,FALSE,41,Inf,Inf,0.0252799463877245,-0.000245372442886826,0.996111601340193
"thunderbird_030","thunderbird","PI",29,0,810,FALSE,Inf,Inf,Inf,-0.00111462468208068,-0.00149885171491345,0.992972447732289
"thunderbird_033","thunderbird","PI",12,0,439,FALSE,133,Inf,Inf,0.0367190670581553,0.00174354642001373,0.994156912377572
"thunderbird_035","thunderbird","PI",14,0,595,FALSE,44,Inf,Inf,0.0446297146674529,0.002252037484628,0.996973825058282
"thunderbird_042","thunderbird","PI",14,0,1032,FALSE,40,Inf,Inf,0.0668136520688109,0.00603134433023176,0.999059097845618
"thunderbird_046","thunderbird","PI",5,0,1019,FALSE,27,Inf,Inf,0.0417170851932666,0.00111942035494006,0.996257815729444
"thunderbird_048","thunderbird","PI",1,0,928,FALSE,39,Inf,Inf,0.0474327169116223,0.00240900862215651,0.998095132291973
"thunderbird_051","thunderbird","PI",1,0,158,FALSE,Inf,Inf,Inf,0.00100315719900637,5.25298060801732e-05,0.991445960267799
"thunderbird_052","thunderbird","PI",8,0,205,FALSE,328,Inf,Inf,0.0535442325992566,0.00515488809200662,0.998062741553945
"thunderbird_055","thunderbird","PI",7,0,928,FALSE,91,Inf,Inf,0.0290555251334609,0.000934999162047903,0.996149533160712
"thunderbird_056","thunderbird","PI",17,0,125,FALSE,864,Inf,Inf,0.0127865419179109,0.00141364763370563,0.997147779250802
"thunderbird_057","thunderbird","PI",16,0,110,FALSE,993,Inf,Inf,0.000755522624552464,-6.35895947200315e-05,0.987190495767038
"thunderbird_061","thunderbird","PI",18,0,205,FALSE,357,Inf,Inf,0.052416339495908,0.00505168895661138,0.998031408478987
"thunderbird_062","thunderbird","PI",1,0,125,FALSE,768,Inf,Inf,0.024284024127453,0.00244660631335532,0.99697247928773
"thunderbird_063","thunderbird","PI",23,0,535,FALSE,78,698,Inf,0.0366332663194614,0.00163578656631048,0.994842762599486
"thunderbird_065","thunderbird","PI",25,0,801,FALSE,33,524,Inf,0.0333668185732249,9.74425216310999e-05,0.993211517989297
"thunderbird_072","thunderbird","PI",7,0,1451,FALSE,37,634,Inf,-0.000390390256441734,0.000219417567949429,0.993812104693148
"acroread_001","acroread","PD",19,4,1562,FALSE,38,141,149,0.0382097417716151,0.00190084002791208,0.999671765091194
"acroread_002","acroread","PD",49,1,652,TRUE,239,413,413,0.00370433214252146,7.29420531228893e-05,0.999837005165592
"acroread_003","acroread","SU",29,4,1471,FALSE,21,120,152,0.0522946237962044,0.00270142365930101,0.999693309410853
"acroread_004","acroread","PD",16,1,1262,FALSE,Inf,Inf,Inf,0.0140296476894496,0.00103886972674693,0.999728397670134
"acroread_005","acroread","PD",2,1,498,TRUE,144,554,594,0.0259601770104214,0.000558579997861386,0.980514201787334
"acroread_007","acroread","PD",21,19,652,TRUE,250,351,362,0.00355545060935197,4.49887541391815e-05,0.999847876946712
"acroread_008","acroread","SU",9,1,1352,FALSE,14,142,193,0.0786740647485108,0.00582702845266302,0.999539099291598
"acroread_009","acroread","PD",28,1,1446,FALSE,38,138,171,0.0137249738077224,0.00145685081218892,0.995555973973983
"acroread_011","acroread","PD",15,1,744,FALSE,136,297,334,0.00118129007669593,0.000238977213429959,0.992434463933844
"acroread_012","acroread","SU",22,1,1261,FALSE,25,179,228,0.0434785280836695,0.00172162266638832,0.999513680100866
"acroread_014","acroread","PD",2,1,962,TRUE,28,76,136,0.0512641264105912,0.00494340316322517,0.996580348571615
"acroread_015","acroread","PD",24,21,1009,TRUE,31,162,255,0.0391664807170106,0.00193619063974744,0.999497431969351
"acroread_016","acroread","PD",19,14,526,FALSE,363,476,488,0.00170632565616024,4.99092292098112e-05,0.999806474955003
"acroread_019","acroread","PD",44,2,210,TRUE,79,651,895,0.000109598629097111,8.74434933809234e-06,0.995661301157004
"acroread_020","acroread","SU",7,1,1261,FALSE,22,249,401,0.0537756020854736,0.00287735901752227,0.999374106780354
"acroread_021","acroread","SU",34,20,1688,FALSE,14,111,134,0.0681491188941132,0.00405087970812716,0.99975173728547
"acroread_022","acroread","PD",18,15,834,TRUE,123,243,290,0.0224519960691729,0.00168798995549634,0.999378923245253
"acroread_023","acroread","PD",10,1,1009,FALSE,26,108,120,0.0431877958955878,0.00207220500325409,0.999558129859847
"acroread_025","acroread","PD",87,1,1352,FALSE,Inf,Inf,Inf,0.00133405863926552,8.61307825061522e-05,0.999497305992333
"acroread_026","acroread","PD",1,1,275,TRUE,579,Inf,Inf,-0.00251263899958068,-0.00238220575774391,0.967071122970389
"acroread_027","acroread","PD",16,1,1352,FALSE,56,246,276,0.033351027803836,0.00175704926265656,0.999627727520357
"acroread_028","acroread","PD",20,14,911,TRUE,86,186,222,0.0263567761932914,0.00186608937145346,0.999334016845165
"acroread_029","acroread","PD",1,6,309,FALSE,542,Inf,Inf,0.0010676607480562,2.32276964708852e-05,0.998969641264469
"acroread_030","acroread","PD",16,1,1176,TRUE,50,177,238,0.0366960529635955,0.00225382608330732,0.999598484240713
"acroread_031","acroread","PD",14,8,744,TRUE,167,275,286,0.00650432362775944,0.000248486736961844,0.999948448326354
"acroread_034","acroread","PD",45,2,309,TRUE,663,Inf,Inf,0.00102516310105621,8.09628616481688e-06,0.999547105193233
"acroread_035","acroread","PD",11,1,1051,TRUE,19,98,134,0.0551492621656204,0.00282912985548813,0.999686874583024
"acroread_036","acroread","SU",38,11,1261,FALSE,33,226,300,0.03918704176876,0.00166285427950213,0.999488735670187
"acroread_037","acroread","PD",8,1,911,FALSE,85,133,144,0.0285051941407913,0.00201906653869832,0.999308904077021
"acroread_039","acroread","PD",19,2,1207,TRUE,58,184,248,0.0285232639712503,0.00149114370783397,0.998807177905302
"flashplayer_003","flashplayer","PD",88,2,1526,FALSE,40,85,93,0.0100817799695859,0.00170722066740559,0.998916291077713
"flashplayer_004","flashplayer","PD",72,14,1317,TRUE,37,Inf,Inf,0.0236991462921896,0.000184632261386729,0.999683423071783
"flashplayer_009","flashplayer","PD",12,4,289,FALSE,172,327,327,0.000551040184843298,-8.51440490884657e-05,0.99992754736667
"flashplayer_012","flashplayer","PD",60,12,1228,TRUE,39,111,131,0.0130393112754256,0.000321076977380778,0.999769867697977
"flashplayer_013","flashplayer","PD",68,1,1261,TRUE,31,179,545,0.0261969691763684,3.1681085918267e-05,0.999920422621226
"flashplayer_014","flashplayer","PD",20,1,578,TRUE,89,132,259,0.00508995071270135,-0.000150349341061465,0.999759297614213
"flashplayer_015","flashplayer","PD",80,12,1410,FALSE,49,150,157,0.0195885417468321,0.000289117007612831,0.999776632289349
"flashplayer_016","flashplayer","PD",25,2,773,TRUE,38,353,353,0.0173908386338712,-0.00076938984004255,0.989103326232002
"flashplayer_022","flashplayer","PD",2,1,207,FALSE,138,294,335,0.0337186145349294,0.00350494701505227,0.984200513607094
"flashplayer_023","flashplayer","PD",9,1,708,FALSE,54,358,358,0.00471744456973157,-0.000301803074822083,0.983827449888689
"flashplayer_027","flashplayer","SU",76,25,1743,FALSE,1,92,161,0.175227825710717,0.0200451077625937,0.978175593999645
"flashplayer_028","flashplayer","SU",99,7,1621,FALSE,15,18,21,-0.144750511839188,-0.0454260658822736,0.991821105096672
"flashplayer_029","flashplayer","PD",85,7,1507,TRUE,53,100,110,0.0133380714191698,-0.000218069258233608,0.998932082279871
"flashplayer_030","flashplayer","SU",90,1,1548,FALSE,23,69,77,0.0228545972076815,-0.000805333587656371,0.99913884443069
"flashplayer_031","flashplayer","SU",96,1,1586,TRUE,3,41,46,0.204178002355619,0.0250023986378823,0.997687042502884
"flashplayer_032","flashplayer","PD",57,1,1201,TRUE,22,75,87,0.0374887347010867,0.000683808199619876,0.999526973967209
"flashplayer_033","flashplayer","PD",53,1,1176,TRUE,15,58,68,0.0453028169124313,0.000893326475578846,0.999800262731308
"flashplayer_035","flashplayer","PD",62,1,1253,FALSE,27,108,198,0.0234112420660058,-0.00066597686386761,0.999930901869735
"flashplayer_036","flashplayer","SU",112,1,1695,FALSE,20,Inf,Inf,-0.00128472538790588,-0.00621154231056536,0.990873709160285
"flashplayer_037","flashplayer","PD",11,8,340,FALSE,Inf,Inf,Inf,8.83407743309095e-06,8.88562760656695e-07,0.990502469775568
"flashplayer_038","flashplayer","PD",51,13,1135,FALSE,12,29,34,0.113649177103932,0.0156562684052459,0.992500398690058
"flashplayer_040","flashplayer","PD",75,6,1360,FALSE,Inf,Inf,Inf,0.0232045129227369,0.00162125272402581,0.996562337830457
"quicktime_000","quicktime","PD",1,5,249,FALSE,646,1280,1353,0.00374459541766641,0.000424194327531656,0.985342251611544
"quicktime_002","quicktime","PD",104,1,147,FALSE,780,Inf,Inf,0.00125878525288336,0.000143663865113417,0.979076655054547
"quicktime_003","quicktime","PD",116,6,1072,FALSE,186,Inf,Inf,0.00662446181924998,-0.000508577710446931,0.999872205603479
"quicktime_005","quicktime","PD",108,7,388,FALSE,420,Inf,Inf,0.000372036920792353,-0.000118524228336454,0.995256704200523
"quicktime_007","quicktime","PD",117,7,1311,FALSE,169,Inf,Inf,0.00961601035826641,9.40147906765262e-05,0.999792488422355
"quicktime_008","quicktime","PD",19,5,256,FALSE,682,Inf,Inf,-0.00050521221484301,-0.000144675157920105,0.91784549157066
"quicktime_009","quicktime","PD",118,5,1395,FALSE,176,Inf,Inf,0.0127533924809787,0.000326585767739073,0.999777519352584
"quicktime_010","quicktime","PD",2,2,388,TRUE,314,974,1148,0.000344634165333519,-0.000182406678326448,0.993403683817246
"quicktime_012","quicktime","PD",84,1,989,TRUE,174,936,Inf,0.00507082097666306,-9.93801917992496e-05,0.999717251036618
"quicktime_013","quicktime","PD",109,8,518,TRUE,291,1317,Inf,0.00734206481074701,0.000304809266441773,0.999850457672165
"quicktime_014","quicktime","PD",114,1,956,TRUE,151,923,Inf,-0.00284114444882912,-0.000956324989488582,0.987280858710895
"quicktime_016","quicktime","PD",106,3,256,FALSE,676,Inf,Inf,-0.000508957556200939,-0.000145677763084387,0.917870928785544
"quicktime_017","quicktime","PD",2,3,351,FALSE,38,824,1510,-0.02597772365244,-0.00683985091610306,0.977539851960932
"quicktime_018","quicktime","PD",110,3,618,FALSE,268,1158,1430,0.00991637794459077,0.000511487908172546,0.999854742752229
"quicktime_019","quicktime","PD",120,9,1773,TRUE,Inf,Inf,Inf,0.0111762693856054,0.000346386350016174,0.99958577055022
"MS08-009","msword","PI",167,1,64,TRUE,38,117,237,0.0450592846774115,0.0114955501123699,0.960084573890652
"MS08-026","msword","PI",176,2,135,FALSE,49,166,234,0.0156530099214335,0.00314786249426882,0.886642853737489
"MS08-042","msword","PI",42,1,227,FALSE,61,357,671,-0.00139999074043123,-0.00033108075890016,0.490396840588467
"MS08-072","msword","PI",184,8,344,TRUE,5,130,135,0.118466216656271,0.0122473797622902,0.995775404255707
"MS09-027","msword","PI",221,2,526,TRUE,69,473,696,0.0838830064062424,0.00851915523635519,0.993941356496929
"MS09-068","msword","PI",48,1,680,FALSE,8,1086,Inf,0.112588348645363,0.0119115580625446,0.993803381968768
"MS10-036","msword","PI",38,1,890,FALSE,66,545,786,0.0677977526197573,0.00662784407754077,0.996749086939439
"MS10-056","msword","PI",67,4,953,TRUE,43,569,864,0.0868042076040908,0.00846387125491996,0.996861939992553
"MS10-079","msword","PI",83,11,983,FALSE,61,445,616,0.0133800045909283,0.00392408312929596,0.972590838138449
"MS12-029","msword","PI",47,1,1584,FALSE,29,Inf,Inf,0.0107385180652691,-0.00360568562746161,0.99171023228544
"MS12-064","msword","PI",66,2,1739,FALSE,17,Inf,Inf,0.0397630035717091,3.93798555758615e-05,0.991581122008484
"MS12-079","msword","PI",70,1,1788,FALSE,25,Inf,Inf,-0.0456699424051689,-0.00963252738381709,0.98396495431959
"opera_000","opera","PD",22,1,268,FALSE,426,1109,1218,0.000532377244808008,-7.85307807503036e-05,0.991592738739487
"opera_001","opera","PD",1,1,351,TRUE,323,Inf,Inf,0.0131463634799605,0.00116717655779431,0.999340090486209
"opera_002","opera","PD",28,1,428,FALSE,277,1679,Inf,0.00966853832698909,0.00084225505939779,0.999263052319635
"opera_003","opera","PD",14,1,166,FALSE,524,1258,1386,-0.000644411886740267,-0.000274031980783589,0.966249679620834
"opera_005","opera","PD",19,1,163,FALSE,443,923,991,0.00444918094086423,0.000280361362000612,0.98135324635146
"opera_006","opera","PD",10,1,163,FALSE,453,1037,1301,0.00444085042781786,0.000304441931132186,0.981654408526492
"opera_009","opera","PD",25,2,304,FALSE,387,1096,1139,0.00413445550527609,0.000604353254099763,0.985366219957637
"opera_010","opera","PD",26,1,351,FALSE,342,1352,Inf,0.00590741879300144,0.000508608910614025,0.999561468447694
"safari_000","safari","PD",12,1,681,FALSE,230,749,774,0.0097639076632429,0.000367067963547272,0.999742605333224
"safari_001","safari","PD",4,3,319,FALSE,458,Inf,Inf,0.0156842655787329,0.000925109753888061,0.992954758955158
"safari_002","safari","PD",7,46,890,TRUE,149,751,778,0.0107008265902096,0.000170727275366926,0.999224240599897
"safari_003","safari","PD",1,2,681,TRUE,120,775,851,0.0153076352735661,0.00056040542823147,0.999738886442303
"safari_004","safari","PD",1,2,525,FALSE,43,607,792,0.0385926283336734,0.00247079271083794,0.996832429455244
"safari_006","safari","PD",10,2,556,FALSE,208,804,835,0.00552967302722854,-0.000344949649722269,0.993764920401065
"safari_009","safari","PD",8,27,525,FALSE,151,807,Inf,0.0190687861245218,0.00115940588694326,0.99491624705182
"safari_010","safari","PD",29,1,1591,FALSE,169,Inf,Inf,0.0172018394981109,0.000977408167846392,0.999478440646668
"safari_011","safari","PD",2,1,556,FALSE,46,714,879,0.0171637253631853,-4.98967652609611e-05,0.996215513522539
"safari_012","safari","PD",3,3,265,FALSE,801,Inf,Inf,-6.60655291983816e-05,-3.02350586669181e-05,0.986137338990677
"safari_013","safari","PD",24,33,1297,TRUE,138,648,Inf,0.0119438964002329,0.000301869152924959,0.999834948057064
"safari_015","safari","PD",1,1,1429,FALSE,31,446,Inf,0.025270959855935,-0.000149167631667753,0.999856008740114
"safari_016","safari","PD",15,1,890,TRUE,164,667,687,0.00976174066879947,0.000154690876603159,0.999220772001039
"safari_017","safari","PD",27,2,1533,FALSE,106,570,Inf,0.0158207083368847,0.000242466057164056,0.999831428994381
"safari_018","safari","PD",1,1,1533,FALSE,47,Inf,Inf,0.0233442279944229,0.000230120399355802,0.999849470476605
"safari_019","safari","PD",2,2,169,FALSE,906,Inf,Inf,0.00924820579454168,0.0010686318994101,0.968855347615451
"safari_020","safari","PD",7,1,890,FALSE,149,751,778,0.0107008265902096,0.000170727275366926,0.999224240599897
"safari_021","safari","PD",11,1,589,FALSE,228,799,820,0.00886755873076073,0.000465471540540151,0.99980697242081
"safari_022","safari","PD",22,6,1164,FALSE,138,660,Inf,0.0204361595295987,0.000638368703548497,0.999378572750273
"safari_023","safari","PD",20,23,1053,FALSE,189,686,Inf,0.0165780745001564,0.00087846856176492,0.999629191636014
"safari_024","safari","PD",2,2,801,TRUE,108,764,Inf,0.0127350831666291,0.000151977309928118,0.999656255099942
"safari_025","safari","PD",3,1,801,FALSE,149,765,826,0.0103520132424042,0.000128813515234073,0.999677568284403
"safari_026","safari","PD",27,1,1533,FALSE,106,570,Inf,0.0158207083368847,0.000242466057164056,0.999831428994381
"safari_027","safari","PD",3,1,589,FALSE,89,800,896,0.0161379270037471,0.000902587728807686,0.999766314435098
"safari_028","safari","PD",6,16,801,TRUE,163,754,801,0.00959417944677883,0.000124319936304847,0.999685623903777
"safari_029","safari","PD",2,1,169,FALSE,906,Inf,Inf,0.00924820579454168,0.0010686318994101,0.968855347615451
"safari_030","safari","PD",1,1,410,FALSE,210,894,Inf,0.0118493258721516,0.000884228823849191,0.999344694922467
"safari_031","safari","PD",10,3,982,TRUE,188,776,Inf,0.00835432810116697,-0.000144136469404975,0.997678892135277
"safari_032","safari","PD",1,1,330,TRUE,116,Inf,Inf,0.030179632321792,0.00207661804495806,0.99981946456848
"safari_033","safari","PD",23,1,1200,FALSE,179,663,Inf,0.0118181233783553,0.000184051417936591,0.999496457619834
"safari_034","safari","PD",8,15,940,FALSE,129,776,Inf,0.00703767907014062,-0.000825684141395691,0.995931899664771
"safari_035","safari","PD",11,1,589,FALSE,228,799,820,0.00886755873076073,0.000465471540540151,0.99980697242081
"safari_036","safari","PD",1,1,1297,FALSE,70,871,Inf,0.0197205424595436,0.000416663600293801,0.999833674143517
"safari_037","safari","PD",1,3,265,FALSE,698,Inf,Inf,-3.09034722474664e-05,-4.1690802182323e-05,0.982360445116599
"safari_038","safari","PD",8,4,525,FALSE,151,807,Inf,0.0190687861245218,0.00115940588694326,0.99491624705182
"safari_039","safari","PD",6,3,410,FALSE,373,944,Inf,0.00706694209722107,0.000527915785045136,0.999315770994112
"safari_040","safari","PD",25,5,1374,TRUE,94,607,Inf,-0.000733072727154965,-0.00188428721103393,0.998239106199515
"safari_042","safari","PD",12,4,681,FALSE,230,749,774,0.0097639076632429,0.000367067963547272,0.999742605333224
"safari_044","safari","PD",1,3,890,TRUE,73,772,929,0.0176760946992786,0.00023816476926646,0.999286924671163
"wireshark_179","wireshark","MU",6,1,294,FALSE,Inf,Inf,Inf,0.0016192288676024,0.000169127979565278,0.961534432164417
"wireshark_180","wireshark","MU",27,2,1690,FALSE,Inf,Inf,Inf,0.00223074093162388,0.000182697777541961,0.998359648828033
"wireshark_181","wireshark","MU",23,1,894,FALSE,Inf,Inf,Inf,0.00298487954072645,0.000404371527919768,0.983892252161938
"wireshark_183","wireshark","MU",4,3,1348,FALSE,Inf,Inf,Inf,0.00774822497820467,0.000607186926968419,0.999038838536661
"wireshark_184","wireshark","MU",6,1,348,FALSE,Inf,Inf,Inf,0.000810737127061075,7.47590633138685e-05,0.963076094282072
"wireshark_185","wireshark","MU",14,1,633,FALSE,Inf,Inf,Inf,0.00131616308547481,4.62122397309848e-05,0.995360796980707
"wireshark_186","wireshark","MU",24,1,894,FALSE,Inf,Inf,Inf,0.00294128227421689,0.000397836163209659,0.983984928714768
"wireshark_187","wireshark","MU",6,2,294,FALSE,Inf,Inf,Inf,0.0016192288676024,0.000169127979565278,0.961534432164417
"wireshark_188","wireshark","MU",17,1,1023,FALSE,Inf,Inf,Inf,0.00177560169943491,0.000230771362216567,0.996881032166077
"wireshark_189","wireshark","MU",5,4,349,FALSE,Inf,Inf,Inf,0.00187467938082033,0.000216766896242034,0.967472133837624
"wireshark_191","wireshark","MU",6,1,1403,FALSE,Inf,Inf,Inf,-0.000521860974451766,-0.000147593720278382,0.992281076137534
"wireshark_192","wireshark","MU",19,1,767,TRUE,Inf,Inf,Inf,0.00135781397985685,6.27371568289721e-05,0.99163495556014
"wireshark_193","wireshark","MU",27,8,1690,FALSE,Inf,Inf,Inf,0.00223074093162388,0.000182697777541961,0.998359648828033
"wireshark_195","wireshark","MU",2,2,633,FALSE,Inf,Inf,Inf,0.00156560580920084,8.8524415947109e-05,0.989357124711122
"wireshark_196","wireshark","MU",9,1,570,FALSE,Inf,Inf,Inf,0.000331568849108531,1.70649933518742e-06,0.977430986416468
"wireshark_197","wireshark","MU",12,1,535,FALSE,Inf,Inf,Inf,0.000600224246945281,3.73935443220962e-05,0.988363686463716
"wireshark_198","wireshark","MU",18,2,1403,FALSE,Inf,Inf,Inf,-0.000266186802208099,-0.000105966399339584,0.994725091514143
"wireshark_199","wireshark","MU",19,1,1057,TRUE,Inf,Inf,Inf,0.00141232291113087,-4.45876904111058e-06,0.99348867101991
"wireshark_200","wireshark","MU",21,1,1108,FALSE,Inf,Inf,Inf,0.00223386029364095,0.000178663855357631,0.995673140164636
"wireshark_201","wireshark","MU",14,1,633,FALSE,Inf,Inf,Inf,0.00131616308547481,4.62122397309848e-05,0.995360796980707
"wireshark_202","wireshark","MU",2,1,1108,TRUE,Inf,Inf,Inf,0.00740851213798511,0.000910416216161588,0.987312471904676
"wireshark_203","wireshark","MU",12,1,989,FALSE,Inf,Inf,Inf,0.000523636203007867,2.73557144053975e-05,0.971047997747254
"wireshark_204","wireshark","MU",16,2,1348,TRUE,Inf,Inf,Inf,0.00400591325529717,0.000317666157318142,0.999122337858045
"wireshark_206","wireshark","MU",5,2,737,FALSE,Inf,Inf,Inf,0.000793105426634525,0.000119876302996283,0.985678149644611
"wireshark_207","wireshark","MU",26,1,967,FALSE,Inf,Inf,Inf,0.000868243847845991,6.12431425585759e-05,0.975708518959474
"wireshark_208","wireshark","MU",17,1,737,FALSE,Inf,Inf,Inf,0.000104001968644386,-4.58013310094224e-05,0.994145877596775
"wireshark_209","wireshark","MU",4,1,570,FALSE,Inf,Inf,Inf,0.000328116273133478,1.11074528883434e-05,0.961938720324556
"wireshark_210","wireshark","MU",29,1,1296,FALSE,Inf,Inf,Inf,0.00162051205120741,-1.23056694374314e-05,0.997812559976608
"wireshark_211","wireshark","MU",31,2,1158,FALSE,Inf,Inf,Inf,0.00105876365488715,-0.000128669874408615,0.991031292519679
"wireshark_212","wireshark","MU",10,2,465,FALSE,Inf,Inf,Inf,0.00151475062625854,0.000192000630824006,0.991448540084902
"wireshark_213","wireshark","MU",26,1,967,FALSE,Inf,Inf,Inf,0.000868243847845991,6.12431425585759e-05,0.975708518959474
"wireshark_214","wireshark","MU",1,2,570,FALSE,Inf,Inf,Inf,0.00162686877728141,0.000115873973506688,0.966203672083569
"wireshark_215","wireshark","MU",7,1,406,FALSE,Inf,Inf,Inf,0.000486008080390539,-1.92166634631007e-05,0.99076047290868
"wireshark_216","wireshark","MU",5,2,345,TRUE,Inf,Inf,Inf,0.00129698081515138,0.000141596808014295,0.990740037144256
"wireshark_218","wireshark","MU",15,1,1690,FALSE,Inf,Inf,Inf,0.0020171645673134,0.000157162731649621,0.998558296922242
"wireshark_219","wireshark","MU",9,1,406,FALSE,Inf,Inf,Inf,0.000483529651729365,-1.89378099242067e-05,0.990798759959805
"wireshark_220","wireshark","MU",14,1,989,FALSE,Inf,Inf,Inf,0.000738529769943753,8.20253615914056e-05,0.979859704931005
"wireshark_221","wireshark","MU",6,1,1108,FALSE,Inf,Inf,Inf,0.00350082380463531,0.000439550423547261,0.987324928123823
"wireshark_222","wireshark","MU",23,1,859,FALSE,Inf,Inf,Inf,0.000593551183723046,7.83771058618824e-05,0.995796677561038
"wireshark_223","wireshark","MU",24,1,894,FALSE,Inf,Inf,Inf,0.00294128227421689,0.000397836163209659,0.983984928714768
"wireshark_224","wireshark","MU",25,4,1605,TRUE,Inf,Inf,Inf,0.00179330865566237,0.000130069215434126,0.997382703581608
"wireshark_225","wireshark","MU",24,2,894,FALSE,Inf,Inf,Inf,0.00294128227421689,0.000397836163209659,0.983984928714768
"wireshark_226","wireshark","MU",6,1,406,FALSE,Inf,Inf,Inf,0.000486665126060559,-1.92667641356346e-05,0.990757962478978
"wireshark_227","wireshark","MU",23,2,1158,FALSE,Inf,Inf,Inf,0.000985362546138867,-7.39973150502995e-05,0.992338684158678
"wireshark_228","wireshark","MU",10,2,1205,TRUE,Inf,Inf,Inf,0.00178601600601765,-3.62780104673069e-05,0.995986789049386
"wireshark_229","wireshark","MU",11,1,1561,FALSE,Inf,Inf,Inf,0.00143334127910303,8.78670741485483e-05,0.996442110768854
"wireshark_231","wireshark","MU",5,1,349,FALSE,Inf,Inf,Inf,0.00187467938082033,0.000216766896242034,0.967472133837624
"wireshark_232","wireshark","MU",25,2,1205,FALSE,Inf,Inf,Inf,0.00167436113347438,-2.04522474274141e-05,0.99491245644357
"wireshark_233","wireshark","MU",27,5,1255,FALSE,Inf,Inf,Inf,0.00234527430508847,0.000113542806289504,0.997462349235517
"wireshark_234","wireshark","MU",15,1,669,FALSE,Inf,Inf,Inf,0.000472173611107787,-2.410319404896e-05,0.990824071470594
"wireshark_235","wireshark","MU",27,1,989,TRUE,Inf,Inf,Inf,0.00231476277905368,0.000282012531862987,0.988147425024845
"wireshark_236","wireshark","MU",7,1,345,FALSE,Inf,Inf,Inf,0.00129201475554976,0.000141054965059065,0.99073975682135
"wireshark_238","wireshark","MU",21,5,1472,FALSE,Inf,Inf,Inf,0.00208616746475863,0.000127208131535935,0.999248789183529
"wireshark_239","wireshark","MU",8,1,1158,FALSE,Inf,Inf,Inf,0.00125942920466035,-7.60705617337726e-05,0.991404367180033
"wireshark_240","wireshark","MU",10,1,465,FALSE,Inf,Inf,Inf,0.00151475062625854,0.000192000630824006,0.991448540084902
"wireshark_242","wireshark","MU",14,1,1296,FALSE,Inf,Inf,Inf,0.00193810240770322,3.21455012229563e-05,0.997658082281562
"wireshark_243","wireshark","MU",8,1,348,FALSE,Inf,Inf,Inf,0.000811519920812064,7.49873600508916e-05,0.963213340475559
"wireshark_244","wireshark","MU",4,1,1057,TRUE,Inf,Inf,Inf,0.00180683617559679,5.58217331663986e-05,0.987421184092947
"wireshark_245","wireshark","MU",1,1,349,FALSE,Inf,Inf,Inf,0.00244581175845895,0.000282806238281355,0.967472133837624
"wireshark_246","wireshark","MU",6,1,294,FALSE,Inf,Inf,Inf,0.0016192288676024,0.000169127979565278,0.961534432164417
"wireshark_247","wireshark","MU",13,1,570,FALSE,Inf,Inf,Inf,0.000325805266157933,1.87830831973841e-06,0.97745378066801
"wireshark_248","wireshark","MU",7,2,345,FALSE,Inf,Inf,Inf,0.00129201475554976,0.000141054965059065,0.99073975682135
"wireshark_249","wireshark","MU",35,1,1158,FALSE,Inf,Inf,Inf,0.00111032289044814,-0.000101414471641229,0.991982370917796
"wireshark_250","wireshark","MU",23,2,1561,FALSE,Inf,Inf,Inf,0.00150932605105576,9.64331341326154e-05,0.997258891673564
